Mean squared error,R2 score,Model score
365.5027886740211,0.25933749495951464,25.93%
