Mean squared error,R2 score,Model score
366.00729314315294,0.26221515936042006,0.26221515936042006
