Mean squared error,R2 score,Model score
949.1329824561403,-0.9233429516442933,18.31%
